{"cameraMode":{"drawMode":0,"name":"Shaded","section":"Shading Mode"},"sceneLighting":false,"audioPlay":false,"sceneViewState":{"m_AlwaysRefresh":false,"showFog":true,"showSkybox":false,"showFlares":true,"showImageEffects":true,"showParticleSystems":true,"showVisualEffectGraphs":true,"m_FxEnabled":true},"in2DMode":false,"pivot":{"x":-0.05570173263549805,"y":0.9206874370574951,"z":-0.10320079326629639},"rotation":{"x":-0.015721015632152559,"y":0.9688078761100769,"z":-0.23894260823726655,"w":-0.0637417882680893},"size":1.109084129333496,"orthographic":false}